{"initial_reset_timestamp": 1697967050.3891578, "timestamps": [1697967050.7246084, 1697967051.0854528, 1697967051.315061, 1697967051.6236746, 1697967051.8586144, 1697967052.0843637, 1697967052.3179502, 1697967052.5519633, 1697967052.8064253, 1697967053.0584505, 1697967059.1422408], "episode_lengths": [333, 487, 309, 407, 312, 305, 315, 314, 340, 339, 337], "episode_rewards": [-4.222893026883398, 1.73302611410093, -4.0208830742528106, -2.6313731391370596, -1.6850191544392765, -3.6039704540721464, -5.802521531223954, -5.714650545874863, -3.2696709406181683, -3.8499896285787587, -4.093938811092552], "episode_types": ["t", "t", "t", "t", "t", "t", "t", "t", "t", "t", "t", "t", "t"]}