iteration,level,test_mean_reward,test_mean_episode_length,test_success_rate
40000,0,-4.9952272766602315,232.82,0.0
100000,0,-4.6918854715917755,231.9,0.0
160000,0,-4.779393288450695,232.4,0.0
220000,0,-3.2720176179499947,400.52,0.02
280000,0,-1.2663224356490062,287.82,0.04
340000,0,-0.8238006533059974,290.1,0.06
400000,0,5.896368892019757,559.64,0.68
440000,0,5.065933295337119,526.0,0.6
500000,0,6.009201450153017,554.14,0.68
560000,0,10.575385848950047,591.38,1.0
